"Agent1","Agent2","Agent3","Agent4","Agent5","Agent6","Agent7","Aent8","Agent9","Agent10","Agent11","Agent12","Agent13","Agent14","Agent15","Agent16"
1,2,3,4,5,6,7,8,9,10,11,12,13,14,15,16
2,1,4,4,6,5,7,7,10,9,12,11,13,14,16,15
4,4,3,4,6,5,8,15,11,16,12,10,13,14,15,15
4,4,1,4,6,7,4,15,10,12,12,12,13,14,15,16
4,4,4,7,7,4,4,8,4,4,9,4,14,14,4,16
4,4,4,4,4,6,15,8,4,4,4,4,13,16,4,4
5,4,4,4,6,4,4,4,4,4,4,15,14,4,10,4
2,4,4,8,7,4,4,4,14,4,4,4,4,16,4,4
4,4,3,4,6,4,4,4,7,4,4,4,4,4,4,3
4,4,4,4,4,4,4,4,11,4,9,4,4,4,4,4
4,10,1,4,5,4,4,4,4,4,4,12,4,4,10,4
4,4,4,4,12,6,4,4,4,13,4,12,4,4,15,12
4,4,4,4,4,15,4,4,4,9,9,4,4,4,10,4
4,4,4,4,4,7,4,4,7,16,4,15,13,4,4,13
4,4,4,14,4,4,4,8,4,4,4,4,4,4,16,4
4,4,4,10,4,14,4,4,9,4,4,5,4,4,4,4
